,No,PR No,PR Url,PR Status,PR Contributors,Active PR Time,Active time(in Seconds)
17,0,17,https://github.com//HarshCasper/Rotten-Scripts/pull/1207,Merged,"['Sukriti-sood', 'HarshCasper']",0 days 18:45:00.000000000,67500.0
18,1,18,https://github.com//HarshCasper/Rotten-Scripts/pull/1202,Merged,"['rutujaingole', 'HarshCasper']",2 days 23:44:56.000000000,258296.0
20,2,20,https://github.com//HarshCasper/Rotten-Scripts/pull/1199,Merged,"['AliHaider20', 'HarshCasper']",0 days 21:47:13.000000000,78433.0
21,3,21,https://github.com//HarshCasper/Rotten-Scripts/pull/1198,Merged,['HarshCasper'],0 days 00:00:47.000000000,47.0
23,4,23,https://github.com//HarshCasper/Rotten-Scripts/pull/1190,Merged,"['YashKandalkar', 'HarshCasper', 'RohiniRG']",7 days 20:59:40.000000000,680380.0
27,5,27,https://github.com//HarshCasper/Rotten-Scripts/pull/1185,Merged,"['Sukriti-sood', 'HarshCasper']",0 days 19:20:41.000000000,69641.0
28,6,28,https://github.com//HarshCasper/Rotten-Scripts/pull/1184,Merged,"['Sukriti-sood', 'HarshCasper', 'iamakkkhil']",25 days 08:17:46.000000000,2189866.0
29,7,29,https://github.com//HarshCasper/Rotten-Scripts/pull/1182,Merged,"['Sukriti-sood', 'HarshCasper']",0 days 01:32:21.000000000,5541.0
31,8,31,https://github.com//HarshCasper/Rotten-Scripts/pull/1178,Merged,"['Cosine42', 'HarshCasper']",0 days 01:50:51.000000000,6651.0
32,9,32,https://github.com//HarshCasper/Rotten-Scripts/pull/1177,Merged,"['sumitgsh', 'HarshCasper']",26 days 09:36:00.000000000,2280960.0
34,10,34,https://github.com//HarshCasper/Rotten-Scripts/pull/1175,Merged,"['kadatatlukishore', 'vybhav72954', 'HarshCasper']",4 days 15:56:22.000000000,402982.0
35,11,35,https://github.com//HarshCasper/Rotten-Scripts/pull/1174,Merged,"['Sukriti-sood', 'HarshCasper']",1 days 13:14:16.000000000,134056.0
42,12,42,https://github.com//HarshCasper/Rotten-Scripts/pull/1161,Merged,"['YASHIKA791', 'HarshCasper']",0 days 06:53:00.000000000,24780.0
43,13,43,https://github.com//HarshCasper/Rotten-Scripts/pull/1160,Merged,"['Umesh-01', 'iamakkkhil', 'HarshCasper', 'vybhav72954', 'RohiniRG']",17 days 11:07:41.000000000,1508861.0
44,14,44,https://github.com//HarshCasper/Rotten-Scripts/pull/1156,Merged,"['tanvi355', 'iamakkkhil', 'HarshCasper', 'vybhav72954', 'Kumaravinash9', 'RohiniRG']",36 days 20:08:27.000000000,3182907.0
45,15,45,https://github.com//HarshCasper/Rotten-Scripts/pull/1154,Merged,[],0 days 01:06:21.000000000,3981.0
50,16,50,https://github.com//HarshCasper/Rotten-Scripts/pull/1139,Merged,[],0 days 00:02:20.000000000,140.0
51,17,51,https://github.com//HarshCasper/Rotten-Scripts/pull/1138,Merged,[],0 days 10:59:56.000000000,39596.0
52,18,52,https://github.com//HarshCasper/Rotten-Scripts/pull/1136,Merged,[],0 days 00:00:30.000000000,30.0
53,19,53,https://github.com//HarshCasper/Rotten-Scripts/pull/1135,Merged,[],0 days 00:00:17.000000000,17.0
54,20,54,https://github.com//HarshCasper/Rotten-Scripts/pull/1134,Merged,[],0 days 00:02:25.000000000,145.0
55,21,55,https://github.com//HarshCasper/Rotten-Scripts/pull/1132,Merged,[],0 days 02:49:15.000000000,10155.0
56,22,56,https://github.com//HarshCasper/Rotten-Scripts/pull/1131,Merged,[],0 days 08:40:18.000000000,31218.0
62,23,62,https://github.com//HarshCasper/Rotten-Scripts/pull/1124,Merged,[],24 days 14:36:40.000000000,2126200.0
63,24,63,https://github.com//HarshCasper/Rotten-Scripts/pull/1121,Merged,[],0 days 00:00:20.000000000,20.0
64,25,64,https://github.com//HarshCasper/Rotten-Scripts/pull/1120,Merged,[],0 days 00:00:43.000000000,43.0
65,26,65,https://github.com//HarshCasper/Rotten-Scripts/pull/1119,Merged,[],0 days 00:00:44.000000000,44.0
66,27,66,https://github.com//HarshCasper/Rotten-Scripts/pull/1118,Merged,[],0 days 00:00:39.000000000,39.0
67,28,67,https://github.com//HarshCasper/Rotten-Scripts/pull/1116,Merged,"['Umesh-01', 'HarshCasper']",0 days 18:35:37.000000000,66937.0
77,29,77,https://github.com//HarshCasper/Rotten-Scripts/pull/1092,Merged,"['RohiniRG', 'HarshCasper']",0 days 00:41:41.000000000,2501.0
78,30,78,https://github.com//HarshCasper/Rotten-Scripts/pull/1090,Merged,"['RohiniRG', 'HarshCasper']",0 days 02:08:09.000000000,7689.0
79,31,79,https://github.com//HarshCasper/Rotten-Scripts/pull/1089,Merged,"['Sukriti-sood', 'HarshCasper']",34 days 23:42:17.000000000,3022937.0
80,32,80,https://github.com//HarshCasper/Rotten-Scripts/pull/1088,Merged,"['Sukriti-sood', 'HarshCasper']",35 days 05:28:07.000000000,3043687.0
89,33,89,https://github.com//HarshCasper/Rotten-Scripts/pull/1072,Merged,"['Sukriti-sood', 'HarshCasper']",43 days 03:51:48.000000000,3729108.0
91,34,91,https://github.com//HarshCasper/Rotten-Scripts/pull/1067,Merged,"['N-Shar-ma', 'sohamsshah', 'HarshCasper']",16 days 07:58:24.000000000,1411104.0
93,35,93,https://github.com//HarshCasper/Rotten-Scripts/pull/1065,Merged,"['iamakkkhil', 'HarshCasper', 'vybhav72954']",13 days 22:18:01.000000000,1203481.0
94,36,94,https://github.com//HarshCasper/Rotten-Scripts/pull/1063,Merged,"['RohiniRG', 'HarshCasper', 'vybhav72954']",16 days 06:38:06.000000000,1406286.0
95,37,95,https://github.com//HarshCasper/Rotten-Scripts/pull/1062,Merged,"['tanishq-arya', 'vybhav72954', 'HarshCasper']",28 days 23:16:07.000000000,2502967.0
96,38,96,https://github.com//HarshCasper/Rotten-Scripts/pull/1061,Merged,"['Manasi2001', 'vybhav72954']",4 days 10:15:58.000000000,382558.0
97,39,97,https://github.com//HarshCasper/Rotten-Scripts/pull/1060,Merged,"['jhamadhav', 'HarshCasper', 'vybhav72954']",37 days 15:06:30.000000000,3251190.0
99,40,99,https://github.com//HarshCasper/Rotten-Scripts/pull/1058,Merged,['vybhav72954'],0 days 16:49:42.000000000,60582.0
100,41,100,https://github.com//HarshCasper/Rotten-Scripts/pull/1057,Merged,['vybhav72954'],0 days 16:50:05.000000000,60605.0
101,42,101,https://github.com//HarshCasper/Rotten-Scripts/pull/1056,Merged,['vybhav72954'],0 days 16:50:28.000000000,60628.0
102,43,102,https://github.com//HarshCasper/Rotten-Scripts/pull/1055,Merged,['vybhav72954'],0 days 16:56:17.000000000,60977.0
103,44,103,https://github.com//HarshCasper/Rotten-Scripts/pull/1054,Merged,['vybhav72954'],0 days 16:58:26.000000000,61106.0
104,45,104,https://github.com//HarshCasper/Rotten-Scripts/pull/1052,Merged,['HarshCasper'],0 days 00:00:39.000000000,39.0
110,46,110,https://github.com//HarshCasper/Rotten-Scripts/pull/1040,Merged,"['Sukriti-sood', 'vybhav72954']",67 days 02:00:06.000000000,5796006.0
111,47,111,https://github.com//HarshCasper/Rotten-Scripts/pull/1039,Merged,[],30 days 02:19:39.000000000,2600379.0
112,48,112,https://github.com//HarshCasper/Rotten-Scripts/pull/1038,Merged,[],30 days 02:20:05.000000000,2600405.0
113,49,113,https://github.com//HarshCasper/Rotten-Scripts/pull/1037,Merged,[],0 days 00:00:21.000000000,21.0
114,50,114,https://github.com//HarshCasper/Rotten-Scripts/pull/1036,Merged,[],0 days 00:00:09.000000000,9.0
115,51,115,https://github.com//HarshCasper/Rotten-Scripts/pull/1035,Merged,[],0 days 00:00:11.000000000,11.0
116,52,116,https://github.com//HarshCasper/Rotten-Scripts/pull/1034,Merged,[],0 days 00:00:11.000000000,11.0
117,53,117,https://github.com//HarshCasper/Rotten-Scripts/pull/1033,Merged,[],0 days 00:00:17.000000000,17.0
118,54,118,https://github.com//HarshCasper/Rotten-Scripts/pull/1032,Merged,[],3 days 19:29:52.000000000,329392.0
120,55,120,https://github.com//HarshCasper/Rotten-Scripts/pull/1030,Merged,[],0 days 00:03:08.000000000,188.0
121,56,121,https://github.com//HarshCasper/Rotten-Scripts/pull/1029,Merged,[],12 days 21:36:15.000000000,1114575.0
123,57,123,https://github.com//HarshCasper/Rotten-Scripts/pull/1027,Merged,[],23 days 03:18:26.000000000,1999106.0
125,58,125,https://github.com//HarshCasper/Rotten-Scripts/pull/1024,Merged,[],18 days 18:03:17.000000000,1620197.0
126,59,126,https://github.com//HarshCasper/Rotten-Scripts/pull/1017,Merged,[],6 days 10:32:28.000000000,556348.0
127,60,127,https://github.com//HarshCasper/Rotten-Scripts/pull/1016,Merged,[],21 days 10:32:00.000000000,1852320.0
128,61,128,https://github.com//HarshCasper/Rotten-Scripts/pull/1015,Merged,[],20 days 00:47:37.000000000,1730857.0
129,62,129,https://github.com//HarshCasper/Rotten-Scripts/pull/1014,Merged,[],20 days 19:13:38.000000000,1797218.0
130,63,130,https://github.com//HarshCasper/Rotten-Scripts/pull/1012,Merged,[],2 days 05:12:38.000000000,191558.0
131,64,131,https://github.com//HarshCasper/Rotten-Scripts/pull/1010,Merged,[],1 days 19:41:21.000000000,157281.0
132,65,132,https://github.com//HarshCasper/Rotten-Scripts/pull/1009,Merged,[],0 days 17:06:45.000000000,61605.0
133,66,133,https://github.com//HarshCasper/Rotten-Scripts/pull/1007,Merged,[],1 days 07:05:44.000000000,111944.0
134,67,134,https://github.com//HarshCasper/Rotten-Scripts/pull/1001,Merged,[],8 days 19:20:36.000000000,760836.0
136,68,136,https://github.com//HarshCasper/Rotten-Scripts/pull/997,Merged,[],0 days 00:00:15.000000000,15.0
138,69,138,https://github.com//HarshCasper/Rotten-Scripts/pull/992,Merged,[],24 days 16:51:21.000000000,2134281.0
141,70,141,https://github.com//HarshCasper/Rotten-Scripts/pull/986,Merged,"['jhamadhav', 'HarshCasper']",7 days 04:07:08.000000000,619628.0
142,71,142,https://github.com//HarshCasper/Rotten-Scripts/pull/985,Merged,"['neha07kumari', 'vybhav72954']",29 days 16:21:54.000000000,2564514.0
143,72,143,https://github.com//HarshCasper/Rotten-Scripts/pull/984,Merged,"['RohiniRG', 'vybhav72954']",7 days 02:52:17.000000000,615137.0
144,73,144,https://github.com//HarshCasper/Rotten-Scripts/pull/983,Merged,"['Sukriti-sood', 'HarshCasper', 'vybhav72954', 'sohamsshah']",11 days 23:11:52.000000000,1033912.0
149,74,149,https://github.com//HarshCasper/Rotten-Scripts/pull/971,Merged,"['ShubhamGupta577', 'sohamsshah', 'HarshCasper', 'vybhav72954']",15 days 03:24:27.000000000,1308267.0
150,75,150,https://github.com//HarshCasper/Rotten-Scripts/pull/970,Merged,['HarshCasper'],0 days 00:00:40.000000000,40.0
151,76,151,https://github.com//HarshCasper/Rotten-Scripts/pull/969,Merged,"['VanTekken', 'HarshCasper']",0 days 04:08:31.000000000,14911.0
154,77,154,https://github.com//HarshCasper/Rotten-Scripts/pull/964,Merged,['HarshCasper'],0 days 00:00:53.000000000,53.0
156,78,156,https://github.com//HarshCasper/Rotten-Scripts/pull/962,Merged,"['NovusEdge', 'HarshCasper']",0 days 11:02:40.000000000,39760.0
157,79,157,https://github.com//HarshCasper/Rotten-Scripts/pull/961,Merged,['vybhav72954'],1 days 00:13:17.000000000,87197.0
158,80,158,https://github.com//HarshCasper/Rotten-Scripts/pull/960,Merged,['vybhav72954'],0 days 00:01:34.000000000,94.0
159,81,159,https://github.com//HarshCasper/Rotten-Scripts/pull/959,Merged,['vybhav72954'],0 days 00:00:22.000000000,22.0
160,82,160,https://github.com//HarshCasper/Rotten-Scripts/pull/954,Merged,['vybhav72954'],0 days 00:00:30.000000000,30.0
161,83,161,https://github.com//HarshCasper/Rotten-Scripts/pull/953,Merged,['vybhav72954'],0 days 00:00:51.000000000,51.0
162,84,162,https://github.com//HarshCasper/Rotten-Scripts/pull/952,Merged,['vybhav72954'],0 days 00:02:15.000000000,135.0
163,85,163,https://github.com//HarshCasper/Rotten-Scripts/pull/951,Merged,"['rahulraikwar00', 'vybhav72954', 'HarshCasper']",3 days 18:50:11.000000000,327011.0
164,86,164,https://github.com//HarshCasper/Rotten-Scripts/pull/950,Merged,"['Naman-1234', 'HarshCasper', 'rahulraikwar00', 'sohamsshah', 'vybhav72954']",21 days 15:52:36.000000000,1871556.0
165,87,165,https://github.com//HarshCasper/Rotten-Scripts/pull/949,Merged,"['Jaideep07', 'HarshCasper', 'vybhav72954']",8 days 21:06:00.000000000,767160.0
167,88,167,https://github.com//HarshCasper/Rotten-Scripts/pull/945,Merged,"['sourabhkumar45', 'HarshCasper', 'sohamsshah', 'vybhav72954']",12 days 08:57:51.000000000,1069071.0
168,89,168,https://github.com//HarshCasper/Rotten-Scripts/pull/941,Merged,"['iamakkkhil', 'HarshCasper', 'vybhav72954']",3 days 13:49:17.000000000,308957.0
169,90,169,https://github.com//HarshCasper/Rotten-Scripts/pull/940,Merged,"['jhamadhav', 'vybhav72954', 'HarshCasper']",10 days 17:48:40.000000000,928120.0
170,91,170,https://github.com//HarshCasper/Rotten-Scripts/pull/939,Merged,"['piall', 'HarshCasper', 'sohamsshah', 'vybhav72954']",5 days 06:25:32.000000000,455132.0
171,92,171,https://github.com//HarshCasper/Rotten-Scripts/pull/938,Merged,"['manas221', 'HarshCasper', 'vybhav72954']",9 days 07:56:19.000000000,806179.0
173,93,173,https://github.com//HarshCasper/Rotten-Scripts/pull/936,Merged,"['rahulraikwar00', 'vybhav72954', 'HarshCasper']",6 days 20:53:09.000000000,593589.0
177,94,177,https://github.com//HarshCasper/Rotten-Scripts/pull/922,Merged,[],0 days 16:50:18.000000000,60618.0
179,95,179,https://github.com//HarshCasper/Rotten-Scripts/pull/918,Merged,[],21 days 20:54:12.000000000,1889652.0
180,96,180,https://github.com//HarshCasper/Rotten-Scripts/pull/916,Merged,[],29 days 01:56:58.000000000,2512618.0
183,97,183,https://github.com//HarshCasper/Rotten-Scripts/pull/911,Merged,[],0 days 00:10:20.000000000,620.0
184,98,184,https://github.com//HarshCasper/Rotten-Scripts/pull/910,Merged,[],0 days 00:19:47.000000000,1187.0
185,99,185,https://github.com//HarshCasper/Rotten-Scripts/pull/909,Merged,[],0 days 00:00:12.000000000,12.0
186,100,186,https://github.com//HarshCasper/Rotten-Scripts/pull/908,Merged,[],0 days 00:00:17.000000000,17.0
187,101,187,https://github.com//HarshCasper/Rotten-Scripts/pull/907,Merged,[],0 days 00:00:23.000000000,23.0
189,102,189,https://github.com//HarshCasper/Rotten-Scripts/pull/905,Merged,[],4 days 12:04:32.000000000,389072.0
190,103,190,https://github.com//HarshCasper/Rotten-Scripts/pull/903,Merged,[],51 days 21:24:31.000000000,4483471.0
191,104,191,https://github.com//HarshCasper/Rotten-Scripts/pull/902,Merged,[],43 days 22:43:47.000000000,3797027.0
194,105,194,https://github.com//HarshCasper/Rotten-Scripts/pull/898,Merged,[],1 days 01:37:28.000000000,92248.0
195,106,195,https://github.com//HarshCasper/Rotten-Scripts/pull/897,Merged,[],3 days 20:57:34.000000000,334654.0
196,107,196,https://github.com//HarshCasper/Rotten-Scripts/pull/896,Merged,[],38 days 18:38:41.000000000,3350321.0
197,108,197,https://github.com//HarshCasper/Rotten-Scripts/pull/894,Merged,[],1 days 17:39:06.000000000,149946.0
203,109,203,https://github.com//HarshCasper/Rotten-Scripts/pull/887,Merged,[],6 days 23:06:09.000000000,601569.0
206,110,206,https://github.com//HarshCasper/Rotten-Scripts/pull/882,Merged,[],7 days 23:59:54.000000000,691194.0
209,111,209,https://github.com//HarshCasper/Rotten-Scripts/pull/878,Merged,[],9 days 00:33:51.000000000,779631.0
210,112,210,https://github.com//HarshCasper/Rotten-Scripts/pull/877,Merged,[],1 days 01:57:43.000000000,93463.0
211,113,211,https://github.com//HarshCasper/Rotten-Scripts/pull/876,Merged,[],2 days 06:52:37.000000000,197557.0
214,114,214,https://github.com//HarshCasper/Rotten-Scripts/pull/873,Merged,[],11 days 18:40:32.000000000,1017632.0
215,115,215,https://github.com//HarshCasper/Rotten-Scripts/pull/871,Merged,[],3 days 11:16:37.000000000,299797.0
216,116,216,https://github.com//HarshCasper/Rotten-Scripts/pull/868,Merged,"['aaadddiii', 'vybhav72954', 'HarshCasper']",55 days 03:55:22.000000000,4766122.0
223,117,223,https://github.com//HarshCasper/Rotten-Scripts/pull/859,Merged,"['DiegoCaraballo', 'HarshCasper', 'sohamsshah', 'vybhav72954']",5 days 11:01:06.000000000,471666.0
225,118,225,https://github.com//HarshCasper/Rotten-Scripts/pull/855,Merged,"['SmritiAgrawal04', 'vybhav72954', 'HarshCasper']",16 days 00:16:38.000000000,1383398.0
226,119,226,https://github.com//HarshCasper/Rotten-Scripts/pull/854,Merged,"['deepthiteki', 'vybhav72954', 'HarshCasper']",16 days 05:51:11.000000000,1403471.0
228,120,228,https://github.com//HarshCasper/Rotten-Scripts/pull/852,Merged,"['RohiniRG', 'HarshCasper', 'vybhav72954', 'Siddhant-K-code']",4 days 09:12:35.000000000,378755.0
229,121,229,https://github.com//HarshCasper/Rotten-Scripts/pull/851,Merged,"['iamakkkhil', 'HarshCasper', 'vybhav72954']",5 days 20:08:45.000000000,504525.0
230,122,230,https://github.com//HarshCasper/Rotten-Scripts/pull/850,Merged,"['priyanshu20', 'vybhav72954']",6 days 13:05:42.000000000,565542.0
231,123,231,https://github.com//HarshCasper/Rotten-Scripts/pull/848,Merged,"['sakar97', 'HarshCasper', 'vybhav72954']",16 days 19:52:02.000000000,1453922.0
233,124,233,https://github.com//HarshCasper/Rotten-Scripts/pull/845,Merged,"['kshittijagrawal', 'vybhav72954', 'HarshCasper', 'sohamsshah']",9 days 18:25:44.000000000,843944.0
234,125,234,https://github.com//HarshCasper/Rotten-Scripts/pull/844,Merged,"['SSHREYA71', 'vybhav72954', 'HarshCasper']",17 days 20:53:37.000000000,1544017.0
235,126,235,https://github.com//HarshCasper/Rotten-Scripts/pull/840,Merged,"['Subhangini', 'seema1711', 'vybhav72954', 'sohamsshah', 'HarshCasper']",5 days 20:32:15.000000000,505935.0
236,127,236,https://github.com//HarshCasper/Rotten-Scripts/pull/839,Merged,"['pganguli', 'vybhav72954', 'HarshCasper', 'seema1711']",10 days 19:09:08.000000000,932948.0
237,128,237,https://github.com//HarshCasper/Rotten-Scripts/pull/836,Merged,"['Priya730', 'vybhav72954']",4 days 09:50:10.000000000,381010.0
238,129,238,https://github.com//HarshCasper/Rotten-Scripts/pull/835,Merged,"['aish2002', 'vybhav72954', 'sohamsshah', 'HarshCasper']",6 days 20:33:03.000000000,592383.0
240,130,240,https://github.com//HarshCasper/Rotten-Scripts/pull/829,Merged,"['pi-squared-4', 'vybhav72954']",26 days 13:48:31.000000000,2296111.0
242,131,242,https://github.com//HarshCasper/Rotten-Scripts/pull/827,Merged,"['haripriya9647', 'vybhav72954', 'HarshCasper']",2 days 01:12:42.000000000,177162.0
246,132,246,https://github.com//HarshCasper/Rotten-Scripts/pull/814,Merged,"['pganguli', 'HarshCasper', 'vybhav72954']",92 days 19:54:37.000000000,8020477.0
248,133,248,https://github.com//HarshCasper/Rotten-Scripts/pull/812,Merged,[],0 days 00:42:49.000000000,2569.0
249,134,249,https://github.com//HarshCasper/Rotten-Scripts/pull/804,Merged,[],43 days 17:58:01.000000000,3779881.0
250,135,250,https://github.com//HarshCasper/Rotten-Scripts/pull/803,Merged,[],0 days 01:20:15.000000000,4815.0
253,136,253,https://github.com//HarshCasper/Rotten-Scripts/pull/798,Merged,[],0 days 05:10:54.000000000,18654.0
254,137,254,https://github.com//HarshCasper/Rotten-Scripts/pull/797,Merged,[],0 days 10:41:08.000000000,38468.0
255,138,255,https://github.com//HarshCasper/Rotten-Scripts/pull/795,Merged,[],27 days 09:34:43.000000000,2367283.0
256,139,256,https://github.com//HarshCasper/Rotten-Scripts/pull/794,Merged,[],0 days 19:12:05.000000000,69125.0
258,140,258,https://github.com//HarshCasper/Rotten-Scripts/pull/791,Merged,[],0 days 00:00:47.000000000,47.0
259,141,259,https://github.com//HarshCasper/Rotten-Scripts/pull/788,Merged,[],15 days 20:15:49.000000000,1368949.0
260,142,260,https://github.com//HarshCasper/Rotten-Scripts/pull/787,Merged,[],73 days 23:48:12.000000000,6392892.0
262,143,262,https://github.com//HarshCasper/Rotten-Scripts/pull/784,Merged,[],0 days 00:00:22.000000000,22.0
263,144,263,https://github.com//HarshCasper/Rotten-Scripts/pull/783,Merged,[],0 days 00:00:30.000000000,30.0
264,145,264,https://github.com//HarshCasper/Rotten-Scripts/pull/782,Merged,[],7 days 22:58:37.000000000,687517.0
266,146,266,https://github.com//HarshCasper/Rotten-Scripts/pull/778,Merged,[],7 days 22:35:15.000000000,686115.0
267,147,267,https://github.com//HarshCasper/Rotten-Scripts/pull/777,Merged,[],38 days 18:34:39.000000000,3350079.0
268,148,268,https://github.com//HarshCasper/Rotten-Scripts/pull/776,Merged,[],39 days 04:00:17.000000000,3384017.0
271,149,271,https://github.com//HarshCasper/Rotten-Scripts/pull/772,Merged,[],42 days 05:50:49.000000000,3649849.0
272,150,272,https://github.com//HarshCasper/Rotten-Scripts/pull/769,Merged,[],34 days 16:39:26.000000000,2997566.0
273,151,273,https://github.com//HarshCasper/Rotten-Scripts/pull/767,Merged,[],0 days 00:00:49.000000000,49.0
276,152,276,https://github.com//HarshCasper/Rotten-Scripts/pull/760,Merged,[],15 days 20:16:56.000000000,1369016.0
278,153,278,https://github.com//HarshCasper/Rotten-Scripts/pull/753,Merged,[],16 days 21:11:42.000000000,1458702.0
280,154,280,https://github.com//HarshCasper/Rotten-Scripts/pull/746,Merged,[],17 days 08:41:26.000000000,1500086.0
281,155,281,https://github.com//HarshCasper/Rotten-Scripts/pull/743,Merged,[],0 days 09:04:18.000000000,32658.0
282,156,282,https://github.com//HarshCasper/Rotten-Scripts/pull/742,Merged,[],0 days 00:00:34.000000000,34.0
283,157,283,https://github.com//HarshCasper/Rotten-Scripts/pull/741,Merged,[],0 days 00:00:35.000000000,35.0
284,158,284,https://github.com//HarshCasper/Rotten-Scripts/pull/740,Merged,[],0 days 00:00:36.000000000,36.0
285,159,285,https://github.com//HarshCasper/Rotten-Scripts/pull/739,Merged,[],0 days 00:00:43.000000000,43.0
289,160,289,https://github.com//HarshCasper/Rotten-Scripts/pull/729,Merged,[],19 days 20:33:31.000000000,1715611.0
292,161,292,https://github.com//HarshCasper/Rotten-Scripts/pull/726,Merged,[],15 days 14:23:05.000000000,1347785.0
293,162,293,https://github.com//HarshCasper/Rotten-Scripts/pull/725,Merged,[],26 days 17:40:11.000000000,2310011.0
294,163,294,https://github.com//HarshCasper/Rotten-Scripts/pull/724,Merged,[],22 days 19:44:28.000000000,1971868.0
296,164,296,https://github.com//HarshCasper/Rotten-Scripts/pull/721,Merged,[],10 days 01:21:10.000000000,868870.0
297,165,297,https://github.com//HarshCasper/Rotten-Scripts/pull/720,Merged,[],30 days 17:19:51.000000000,2654391.0
298,166,298,https://github.com//HarshCasper/Rotten-Scripts/pull/719,Merged,[],0 days 15:30:41.000000000,55841.0
299,167,299,https://github.com//HarshCasper/Rotten-Scripts/pull/717,Merged,[],32 days 02:33:21.000000000,2774001.0
303,168,303,https://github.com//HarshCasper/Rotten-Scripts/pull/709,Merged,[],4 days 19:34:13.000000000,416053.0
304,169,304,https://github.com//HarshCasper/Rotten-Scripts/pull/708,Merged,[],69 days 00:02:49.000000000,5961769.0
306,170,306,https://github.com//HarshCasper/Rotten-Scripts/pull/706,Merged,"['avinal', 'HarshCasper']",3 days 20:40:26.000000000,333626.0
307,171,307,https://github.com//HarshCasper/Rotten-Scripts/pull/704,Merged,"['KamalDGRT', 'HarshCasper']",39 days 20:19:46.000000000,3442786.0
308,172,308,https://github.com//HarshCasper/Rotten-Scripts/pull/702,Merged,"['vybhav72954', 'HarshCasper']",39 days 22:51:56.000000000,3451916.0
309,173,309,https://github.com//HarshCasper/Rotten-Scripts/pull/701,Merged,['HarshCasper'],0 days 00:00:41.000000000,41.0
310,174,310,https://github.com//HarshCasper/Rotten-Scripts/pull/700,Merged,"['vybhav72954', 'HarshCasper']",40 days 13:32:54.000000000,3504774.0
311,175,311,https://github.com//HarshCasper/Rotten-Scripts/pull/699,Merged,"['vybhav72954', 'HarshCasper']",40 days 14:19:18.000000000,3507558.0
312,176,312,https://github.com//HarshCasper/Rotten-Scripts/pull/698,Merged,"['vybhav72954', 'HarshCasper']",40 days 22:42:41.000000000,3537761.0
313,177,313,https://github.com//HarshCasper/Rotten-Scripts/pull/696,Merged,"['CharvyJain', 'HarshCasper']",41 days 23:34:27.000000000,3627267.0
314,178,314,https://github.com//HarshCasper/Rotten-Scripts/pull/694,Merged,['HarshCasper'],0 days 00:00:47.000000000,47.0
315,179,315,https://github.com//HarshCasper/Rotten-Scripts/pull/690,Merged,"['Blastoise', 'HarshCasper']",0 days 22:47:50.000000000,82070.0
316,180,316,https://github.com//HarshCasper/Rotten-Scripts/pull/689,Merged,"['Blastoise', 'HarshCasper']",6 days 10:36:52.000000000,556612.0
317,181,317,https://github.com//HarshCasper/Rotten-Scripts/pull/687,Merged,"['Blastoise', 'HarshCasper']",1 days 20:56:17.000000000,161777.0
328,182,328,https://github.com//HarshCasper/Rotten-Scripts/pull/669,Merged,"['pritamp17', 'HarshCasper']",0 days 18:59:13.000000000,68353.0
331,183,331,https://github.com//HarshCasper/Rotten-Scripts/pull/659,Merged,"['vybhav72954', 'HarshCasper']",98 days 04:04:39.000000000,8481879.0
332,184,332,https://github.com//HarshCasper/Rotten-Scripts/pull/657,Merged,"['vybhav72954', 'HarshCasper']",55 days 02:21:16.000000000,4760476.0
333,185,333,https://github.com//HarshCasper/Rotten-Scripts/pull/655,Merged,"['Siddhant-K-code', 'HarshCasper', 'vybhav72954']",100 days 22:00:06.000000000,8719206.0
336,186,336,https://github.com//HarshCasper/Rotten-Scripts/pull/652,Merged,"['shiveshchoudhary', 'HarshCasper']",55 days 22:33:35.000000000,4833215.0
337,187,337,https://github.com//HarshCasper/Rotten-Scripts/pull/651,Merged,['HarshCasper'],0 days 00:06:13.000000000,373.0
338,188,338,https://github.com//HarshCasper/Rotten-Scripts/pull/650,Merged,['HarshCasper'],0 days 00:01:17.000000000,77.0
339,189,339,https://github.com//HarshCasper/Rotten-Scripts/pull/649,Merged,['HarshCasper'],0 days 00:04:54.000000000,294.0
340,190,340,https://github.com//HarshCasper/Rotten-Scripts/pull/648,Merged,"['avinal', 'HarshCasper']",0 days 00:03:53.000000000,233.0
341,191,341,https://github.com//HarshCasper/Rotten-Scripts/pull/647,Merged,['HarshCasper'],0 days 00:03:24.000000000,204.0
343,192,343,https://github.com//HarshCasper/Rotten-Scripts/pull/645,Merged,['HarshCasper'],0 days 00:00:52.000000000,52.0
344,193,344,https://github.com//HarshCasper/Rotten-Scripts/pull/644,Merged,['HarshCasper'],0 days 00:01:52.000000000,112.0
345,194,345,https://github.com//HarshCasper/Rotten-Scripts/pull/643,Merged,['HarshCasper'],0 days 00:01:51.000000000,111.0
346,195,346,https://github.com//HarshCasper/Rotten-Scripts/pull/642,Merged,['HarshCasper'],0 days 00:02:46.000000000,166.0
348,196,348,https://github.com//HarshCasper/Rotten-Scripts/pull/637,Merged,"['avinal', 'HarshCasper']",1 days 15:52:50.000000000,143570.0
349,197,349,https://github.com//HarshCasper/Rotten-Scripts/pull/626,Merged,['HarshCasper'],0 days 00:00:08.000000000,8.0
350,198,350,https://github.com//HarshCasper/Rotten-Scripts/pull/625,Merged,['HarshCasper'],0 days 00:00:23.000000000,23.0
352,199,352,https://github.com//HarshCasper/Rotten-Scripts/pull/618,Merged,[],3 days 15:56:12.000000000,316572.0
354,200,354,https://github.com//HarshCasper/Rotten-Scripts/pull/615,Merged,[],12 days 15:51:34.000000000,1093894.0
355,201,355,https://github.com//HarshCasper/Rotten-Scripts/pull/614,Merged,[],10 days 02:02:16.000000000,871336.0
358,202,358,https://github.com//HarshCasper/Rotten-Scripts/pull/611,Merged,[],18 days 23:55:03.000000000,1641303.0
360,203,360,https://github.com//HarshCasper/Rotten-Scripts/pull/607,Merged,[],20 days 02:42:45.000000000,1737765.0
367,204,367,https://github.com//HarshCasper/Rotten-Scripts/pull/596,Merged,"['abdallah1097', 'HarshCasper']",8 days 16:00:59.000000000,748859.0
368,205,368,https://github.com//HarshCasper/Rotten-Scripts/pull/595,Merged,"['vybhav72954', 'HarshCasper']",2 days 17:19:17.000000000,235157.0
369,206,369,https://github.com//HarshCasper/Rotten-Scripts/pull/594,Merged,"['vybhav72954', 'HarshCasper']",2 days 18:02:43.000000000,237763.0
370,207,370,https://github.com//HarshCasper/Rotten-Scripts/pull/593,Merged,"['Vishal-raj-1', 'HarshCasper']",29 days 06:07:53.000000000,2527673.0
371,208,371,https://github.com//HarshCasper/Rotten-Scripts/pull/592,Merged,['HarshCasper'],61 days 08:06:45.000000000,5299605.0
374,209,374,https://github.com//HarshCasper/Rotten-Scripts/pull/577,Merged,"['Siddhant-K-code', 'vybhav72954', 'HarshCasper']",125 days 13:24:23.000000000,10848263.0
375,210,375,https://github.com//HarshCasper/Rotten-Scripts/pull/575,Merged,"['Prathyusha-Guduru', 'HarshCasper']",5 days 12:26:35.000000000,476795.0
377,211,377,https://github.com//HarshCasper/Rotten-Scripts/pull/573,Merged,"['vybhav72954', 'HarshCasper']",2 days 07:14:33.000000000,198873.0
378,212,378,https://github.com//HarshCasper/Rotten-Scripts/pull/570,Merged,"['vybhav72954', 'HarshCasper']",2 days 17:43:48.000000000,236628.0
379,213,379,https://github.com//HarshCasper/Rotten-Scripts/pull/568,Merged,"['vybhav72954', 'HarshCasper']",2 days 23:17:47.000000000,256667.0
380,214,380,https://github.com//HarshCasper/Rotten-Scripts/pull/566,Merged,"['Pranav016', 'HarshCasper']",2 days 22:49:43.000000000,254983.0
381,215,381,https://github.com//HarshCasper/Rotten-Scripts/pull/565,Merged,"['Tejas1510', 'HarshCasper']",14 days 10:38:36.000000000,1247916.0
384,216,384,https://github.com//HarshCasper/Rotten-Scripts/pull/558,Merged,"['vybhav72954', 'HarshCasper']",0 days 03:00:28.000000000,10828.0
385,217,385,https://github.com//HarshCasper/Rotten-Scripts/pull/557,Merged,"['vybhav72954', 'HarshCasper']",0 days 03:51:35.000000000,13895.0
386,218,386,https://github.com//HarshCasper/Rotten-Scripts/pull/556,Merged,"['vybhav72954', 'HarshCasper']",0 days 04:46:21.000000000,17181.0
387,219,387,https://github.com//HarshCasper/Rotten-Scripts/pull/555,Merged,"['vybhav72954', 'HarshCasper']",1 days 02:21:46.000000000,94906.0
388,220,388,https://github.com//HarshCasper/Rotten-Scripts/pull/553,Merged,"['vybhav72954', 'HarshCasper']",0 days 13:26:49.000000000,48409.0
389,221,389,https://github.com//HarshCasper/Rotten-Scripts/pull/548,Merged,"['vybhav72954', 'HarshCasper']",2 days 07:10:24.000000000,198624.0
390,222,390,https://github.com//HarshCasper/Rotten-Scripts/pull/547,Merged,"['vybhav72954', 'HarshCasper']",5 days 07:21:02.000000000,458462.0
393,223,393,https://github.com//HarshCasper/Rotten-Scripts/pull/537,Merged,['HarshCasper'],0 days 00:00:23.000000000,23.0
394,224,394,https://github.com//HarshCasper/Rotten-Scripts/pull/536,Merged,"['vybhav72954', 'HarshCasper']",0 days 02:29:41.000000000,8981.0
395,225,395,https://github.com//HarshCasper/Rotten-Scripts/pull/533,Merged,"['vybhav72954', 'HarshCasper']",2 days 20:43:05.000000000,247385.0
396,226,396,https://github.com//HarshCasper/Rotten-Scripts/pull/532,Merged,"['vybhav72954', 'HarshCasper']",1 days 16:55:14.000000000,147314.0
397,227,397,https://github.com//HarshCasper/Rotten-Scripts/pull/530,Merged,"['vybhav72954', 'HarshCasper']",1 days 03:49:59.000000000,100199.0
398,228,398,https://github.com//HarshCasper/Rotten-Scripts/pull/529,Merged,"['vybhav72954', 'HarshCasper']",1 days 04:06:34.000000000,101194.0
399,229,399,https://github.com//HarshCasper/Rotten-Scripts/pull/528,Merged,"['vybhav72954', 'HarshCasper']",1 days 04:48:46.000000000,103726.0
400,230,400,https://github.com//HarshCasper/Rotten-Scripts/pull/522,Merged,"['vybhav72954', 'HarshCasper']",3 days 13:58:30.000000000,309510.0
401,231,401,https://github.com//HarshCasper/Rotten-Scripts/pull/520,Merged,['HarshCasper'],0 days 00:00:39.000000000,39.0
402,232,402,https://github.com//HarshCasper/Rotten-Scripts/pull/519,Merged,"['vybhav72954', 'HarshCasper']",0 days 01:22:31.000000000,4951.0
404,233,404,https://github.com//HarshCasper/Rotten-Scripts/pull/516,Merged,"['CSY54', 'HarshCasper']",1 days 22:00:16.000000000,165616.0
405,234,405,https://github.com//HarshCasper/Rotten-Scripts/pull/514,Merged,"['vybhav72954', 'HarshCasper']",2 days 14:45:51.000000000,225951.0
406,235,406,https://github.com//HarshCasper/Rotten-Scripts/pull/512,Merged,"['GoswamiTushar', 'HarshCasper']",2 days 16:12:30.000000000,231150.0
407,236,407,https://github.com//HarshCasper/Rotten-Scripts/pull/511,Merged,"['KmrAnish04', 'HarshCasper']",17 days 20:42:30.000000000,1543350.0
408,237,408,https://github.com//HarshCasper/Rotten-Scripts/pull/510,Merged,"['vybhav72954', 'HarshCasper']",3 days 14:41:58.000000000,312118.0
409,238,409,https://github.com//HarshCasper/Rotten-Scripts/pull/509,Merged,"['vybhav72954', 'HarshCasper', 'ImgBotApp']",3 days 20:57:04.000000000,334624.0
410,239,410,https://github.com//HarshCasper/Rotten-Scripts/pull/504,Merged,['HarshCasper'],0 days 00:00:09.000000000,9.0
418,240,418,https://github.com//HarshCasper/Rotten-Scripts/pull/494,Merged,"['vybhav72954', 'seema1711', 'HarshCasper']",1 days 01:59:57.000000000,93597.0
421,241,421,https://github.com//HarshCasper/Rotten-Scripts/pull/491,Merged,"['vybhav72954', 'HarshCasper']",4 days 20:32:16.000000000,419536.0
422,242,422,https://github.com//HarshCasper/Rotten-Scripts/pull/490,Merged,"['vybhav72954', 'HarshCasper']",4 days 21:32:04.000000000,423124.0
429,243,429,https://github.com//HarshCasper/Rotten-Scripts/pull/479,Merged,['HarshCasper'],1 days 10:07:45.000000000,122865.0
431,244,431,https://github.com//HarshCasper/Rotten-Scripts/pull/477,Merged,"['tej5169', 'HarshCasper']",60 days 12:36:28.000000000,5229388.0
433,245,433,https://github.com//HarshCasper/Rotten-Scripts/pull/474,Merged,"['dcorriveau', 'seema1711', 'HarshCasper']",3 days 19:44:58.000000000,330298.0
436,246,436,https://github.com//HarshCasper/Rotten-Scripts/pull/470,Merged,['HarshCasper'],0 days 00:27:12.000000000,1632.0
438,247,438,https://github.com//HarshCasper/Rotten-Scripts/pull/467,Merged,"['vybhav72954', 'HarshCasper']",17 days 23:02:01.000000000,1551721.0
439,248,439,https://github.com//HarshCasper/Rotten-Scripts/pull/464,Merged,"['vybhav72954', 'HarshCasper', 'seema1711']",8 days 16:50:49.000000000,751849.0
440,249,440,https://github.com//HarshCasper/Rotten-Scripts/pull/463,Merged,['HarshCasper'],0 days 00:11:00.000000000,660.0
441,250,441,https://github.com//HarshCasper/Rotten-Scripts/pull/462,Merged,"['DevChoganwala', 'HarshCasper']",8 days 09:44:48.000000000,726288.0
442,251,442,https://github.com//HarshCasper/Rotten-Scripts/pull/460,Merged,"['KhushalPShah', 'HarshCasper']",8 days 21:05:56.000000000,767156.0
443,252,443,https://github.com//HarshCasper/Rotten-Scripts/pull/456,Merged,"['namanshah01', 'HarshCasper']",1 days 19:35:36.000000000,156936.0
445,253,445,https://github.com//HarshCasper/Rotten-Scripts/pull/454,Merged,"['DevChoganwala', 'HarshCasper', 'vybhav72954', 'seema1711']",9 days 23:24:01.000000000,861841.0
446,254,446,https://github.com//HarshCasper/Rotten-Scripts/pull/451,Merged,"['vybhav72954', 'HarshCasper']",10 days 08:01:16.000000000,892876.0
447,255,447,https://github.com//HarshCasper/Rotten-Scripts/pull/450,Merged,"['srimani-programmer', 'HarshCasper', 'seema1711']",10 days 12:46:21.000000000,909981.0
448,256,448,https://github.com//HarshCasper/Rotten-Scripts/pull/447,Merged,"['sohamsshah', 'HarshCasper']",10 days 20:13:01.000000000,936781.0
450,257,450,https://github.com//HarshCasper/Rotten-Scripts/pull/445,Merged,"['frbimo', 'HarshCasper']",3 days 11:07:30.000000000,299250.0
451,258,451,https://github.com//HarshCasper/Rotten-Scripts/pull/442,Merged,"['twozero88', 'HarshCasper']",12 days 20:24:25.000000000,1110265.0
454,259,454,https://github.com//HarshCasper/Rotten-Scripts/pull/432,Merged,"['rohankumawat', 'HarshCasper']",58 days 09:24:10.000000000,5045050.0
458,260,458,https://github.com//HarshCasper/Rotten-Scripts/pull/426,Merged,"['gupta-piyush19', 'HarshCasper']",7 days 21:51:38.000000000,683498.0
460,261,460,https://github.com//HarshCasper/Rotten-Scripts/pull/420,Merged,"['vvHacker007', 'HarshCasper']",0 days 13:27:12.000000000,48432.0
462,262,462,https://github.com//HarshCasper/Rotten-Scripts/pull/418,Merged,"['KILR007', 'HarshCasper']",73 days 00:33:33.000000000,6309213.0
463,263,463,https://github.com//HarshCasper/Rotten-Scripts/pull/416,Merged,"['hardword', 'HarshCasper', 'howardshin1']",1 days 21:08:18.000000000,162498.0
465,264,465,https://github.com//HarshCasper/Rotten-Scripts/pull/413,Merged,"['sameersrivastava13', 'HarshCasper']",0 days 00:28:11.000000000,1691.0
466,265,466,https://github.com//HarshCasper/Rotten-Scripts/pull/412,Merged,[],0 days 21:59:08.000000000,79148.0
473,266,473,https://github.com//HarshCasper/Rotten-Scripts/pull/402,Merged,[],1 days 00:12:44.000000000,87164.0
476,267,476,https://github.com//HarshCasper/Rotten-Scripts/pull/396,Merged,"['SANKET7738', 'HarshCasper']",1 days 08:50:04.000000000,118204.0
477,268,477,https://github.com//HarshCasper/Rotten-Scripts/pull/395,Merged,"['rutujadhanawade', 'HarshCasper']",1 days 17:05:15.000000000,147915.0
478,269,478,https://github.com//HarshCasper/Rotten-Scripts/pull/393,Merged,"['simarpreetsingh-019', 'HarshCasper']",3 days 19:53:04.000000000,330784.0
479,270,479,https://github.com//HarshCasper/Rotten-Scripts/pull/391,Merged,"['SANKET7738', 'HarshCasper']",3 days 14:55:15.000000000,312915.0
483,271,483,https://github.com//HarshCasper/Rotten-Scripts/pull/387,Merged,['HarshCasper'],14 days 20:58:10.000000000,1285090.0
485,272,485,https://github.com//HarshCasper/Rotten-Scripts/pull/385,Merged,"['eternal-dreamer', 'HarshCasper']",6 days 10:21:07.000000000,555667.0
486,273,486,https://github.com//HarshCasper/Rotten-Scripts/pull/383,Merged,"['kaustubhgupta', 'HarshCasper']",4 days 06:59:28.000000000,370768.0
487,274,487,https://github.com//HarshCasper/Rotten-Scripts/pull/380,Merged,"['kaustubhgupta', 'HarshCasper']",4 days 06:59:12.000000000,370752.0
488,275,488,https://github.com//HarshCasper/Rotten-Scripts/pull/379,Merged,"['AdityaJ7', 'HarshCasper']",2 days 01:49:34.000000000,179374.0
489,276,489,https://github.com//HarshCasper/Rotten-Scripts/pull/376,Merged,"['AdityaJ7', 'HarshCasper']",2 days 01:24:23.000000000,177863.0
490,277,490,https://github.com//HarshCasper/Rotten-Scripts/pull/370,Merged,"['kritikaparmar-programmer', 'HarshCasper']",8 days 11:18:29.000000000,731909.0
491,278,491,https://github.com//HarshCasper/Rotten-Scripts/pull/365,Merged,"['mandirarama', 'HarshCasper']",11 days 12:27:15.000000000,995235.0
492,279,492,https://github.com//HarshCasper/Rotten-Scripts/pull/364,Merged,"['rohankumawat', 'HarshCasper']",5 days 18:54:53.000000000,500093.0
493,280,493,https://github.com//HarshCasper/Rotten-Scripts/pull/363,Merged,['HarshCasper'],5 days 20:28:03.000000000,505683.0
494,281,494,https://github.com//HarshCasper/Rotten-Scripts/pull/362,Merged,"['kaustubhgupta', 'HarshCasper']",11 days 16:15:00.000000000,1008900.0
495,282,495,https://github.com//HarshCasper/Rotten-Scripts/pull/359,Merged,"['narayan2111', 'HarshCasper']",1 days 01:22:08.000000000,91328.0
498,283,498,https://github.com//HarshCasper/Rotten-Scripts/pull/354,Merged,"['rutujadhanawade', 'HarshCasper']",12 days 18:21:34.000000000,1102894.0
499,284,499,https://github.com//HarshCasper/Rotten-Scripts/pull/353,Merged,"['AkM-2018', 'HarshCasper']",10 days 15:02:36.000000000,918156.0
500,285,500,https://github.com//HarshCasper/Rotten-Scripts/pull/352,Merged,"['sharur7', 'HarshCasper']",17 days 10:33:34.000000000,1506814.0
502,286,502,https://github.com//HarshCasper/Rotten-Scripts/pull/350,Merged,"['SANKET7738', 'seema1711']",0 days 18:07:15.000000000,65235.0
503,287,503,https://github.com//HarshCasper/Rotten-Scripts/pull/349,Merged,"['amandp13', 'HarshCasper']",19 days 13:07:38.000000000,1688858.0
504,288,504,https://github.com//HarshCasper/Rotten-Scripts/pull/348,Merged,"['vvHacker007', 'HarshCasper']",2 days 16:46:24.000000000,233184.0
505,289,505,https://github.com//HarshCasper/Rotten-Scripts/pull/347,Merged,"['gupta-piyush19', 'HarshCasper']",19 days 15:58:47.000000000,1699127.0
507,290,507,https://github.com//HarshCasper/Rotten-Scripts/pull/344,Merged,['HarshCasper'],7 days 22:24:57.000000000,685497.0
508,291,508,https://github.com//HarshCasper/Rotten-Scripts/pull/343,Merged,"['basketcase03', 'HarshCasper']",0 days 11:55:27.000000000,42927.0
510,292,510,https://github.com//HarshCasper/Rotten-Scripts/pull/341,Merged,"['kaustubhgupta', 'seema1711', 'HarshCasper']",0 days 14:52:31.000000000,53551.0
511,293,511,https://github.com//HarshCasper/Rotten-Scripts/pull/340,Merged,"['afrozchakure', 'HarshCasper']",0 days 16:18:07.000000000,58687.0
512,294,512,https://github.com//HarshCasper/Rotten-Scripts/pull/337,Merged,"['sameersrivastava13', 'HarshCasper', 'seema1711']",1 days 20:16:02.000000000,159362.0
514,295,514,https://github.com//HarshCasper/Rotten-Scripts/pull/331,Merged,"['AdityaJ7', 'HarshCasper']",16 days 01:21:12.000000000,1387272.0
515,296,515,https://github.com//HarshCasper/Rotten-Scripts/pull/329,Merged,"['kaustubhgupta', 'srimani-programmer']",2 days 17:13:38.000000000,234818.0
516,297,516,https://github.com//HarshCasper/Rotten-Scripts/pull/326,Merged,"['sameersrivastava13', 'srimani-programmer']",4 days 21:48:36.000000000,424116.0
517,298,517,https://github.com//HarshCasper/Rotten-Scripts/pull/324,Merged,"['Namyalg', 'HarshCasper', 'srimani-programmer']",8 days 08:24:54.000000000,721494.0
518,299,518,https://github.com//HarshCasper/Rotten-Scripts/pull/322,Merged,"['sharur7', 'srimani-programmer']",1 days 00:38:29.000000000,88709.0
519,300,519,https://github.com//HarshCasper/Rotten-Scripts/pull/321,Merged,"['Namyalg', 'srimani-programmer', 'HarshCasper']",9 days 09:57:45.000000000,813465.0
520,301,520,https://github.com//HarshCasper/Rotten-Scripts/pull/320,Merged,[],8 days 04:40:06.000000000,708006.0
521,302,521,https://github.com//HarshCasper/Rotten-Scripts/pull/317,Merged,[],10 days 16:44:40.000000000,924280.0
522,303,522,https://github.com//HarshCasper/Rotten-Scripts/pull/316,Merged,[],3 days 09:07:27.000000000,292047.0
524,304,524,https://github.com//HarshCasper/Rotten-Scripts/pull/314,Merged,[],0 days 19:34:20.000000000,70460.0
525,305,525,https://github.com//HarshCasper/Rotten-Scripts/pull/313,Merged,[],0 days 11:13:53.000000000,40433.0
528,306,528,https://github.com//HarshCasper/Rotten-Scripts/pull/310,Merged,[],23 days 16:37:59.000000000,2047079.0
530,307,530,https://github.com//HarshCasper/Rotten-Scripts/pull/308,Merged,[],0 days 16:37:29.000000000,59849.0
534,308,534,https://github.com//HarshCasper/Rotten-Scripts/pull/304,Merged,[],1 days 11:24:59.000000000,127499.0
535,309,535,https://github.com//HarshCasper/Rotten-Scripts/pull/303,Merged,[],8 days 00:05:19.000000000,691519.0
536,310,536,https://github.com//HarshCasper/Rotten-Scripts/pull/297,Merged,[],0 days 01:18:57.000000000,4737.0
537,311,537,https://github.com//HarshCasper/Rotten-Scripts/pull/293,Merged,[],0 days 07:47:23.000000000,28043.0
539,312,539,https://github.com//HarshCasper/Rotten-Scripts/pull/287,Merged,[],0 days 02:58:48.000000000,10728.0
540,313,540,https://github.com//HarshCasper/Rotten-Scripts/pull/280,Merged,[],12 days 04:39:21.000000000,1053561.0
541,314,541,https://github.com//HarshCasper/Rotten-Scripts/pull/277,Merged,[],3 days 04:39:42.000000000,275982.0
542,315,542,https://github.com//HarshCasper/Rotten-Scripts/pull/273,Merged,"['tejan-singh', 'HarshCasper']",0 days 13:20:14.000000000,48014.0
543,316,543,https://github.com//HarshCasper/Rotten-Scripts/pull/272,Merged,"['AkM-2018', 'HarshCasper']",0 days 13:17:22.000000000,47842.0
544,317,544,https://github.com//HarshCasper/Rotten-Scripts/pull/271,Merged,"['kaustubhgupta', 'HarshCasper']",4 days 19:11:20.000000000,414680.0
545,318,545,https://github.com//HarshCasper/Rotten-Scripts/pull/270,Merged,"['AdityaAshvin', 'HarshCasper']",0 days 18:49:25.000000000,67765.0
546,319,546,https://github.com//HarshCasper/Rotten-Scripts/pull/269,Merged,"['AdityaJ7', 'HarshCasper']",0 days 20:52:15.000000000,75135.0
548,320,548,https://github.com//HarshCasper/Rotten-Scripts/pull/267,Merged,"['avinashkranjan', 'HarshCasper']",14 days 05:35:49.000000000,1229749.0
549,321,549,https://github.com//HarshCasper/Rotten-Scripts/pull/266,Merged,"['AdityaJ7', 'HarshCasper']",1 days 02:46:22.000000000,96382.0
550,322,550,https://github.com//HarshCasper/Rotten-Scripts/pull/264,Merged,"['AdityaJ7', 'HarshCasper']",0 days 05:24:46.000000000,19486.0
554,323,554,https://github.com//HarshCasper/Rotten-Scripts/pull/255,Merged,"['HeroicHitesh', 'HarshCasper']",1 days 04:30:02.000000000,102602.0
558,324,558,https://github.com//HarshCasper/Rotten-Scripts/pull/249,Merged,['HarshCasper'],27 days 21:38:57.000000000,2410737.0
559,325,559,https://github.com//HarshCasper/Rotten-Scripts/pull/248,Merged,"['Namyalg', 'HarshCasper']",1 days 09:17:38.000000000,119858.0
560,326,560,https://github.com//HarshCasper/Rotten-Scripts/pull/247,Merged,"['Prahitha', 'HarshCasper']",1 days 11:45:41.000000000,128741.0
561,327,561,https://github.com//HarshCasper/Rotten-Scripts/pull/245,Merged,"['Prahitha', 'HarshCasper']",1 days 11:51:45.000000000,129105.0
563,328,563,https://github.com//HarshCasper/Rotten-Scripts/pull/242,Merged,"['Prahitha', 'HarshCasper']",1 days 12:35:19.000000000,131719.0
564,329,564,https://github.com//HarshCasper/Rotten-Scripts/pull/239,Merged,"['avinashkranjan', 'HarshCasper']",1 days 22:04:07.000000000,165847.0
565,330,565,https://github.com//HarshCasper/Rotten-Scripts/pull/238,Merged,"['amandp13', 'HarshCasper']",2 days 11:17:22.000000000,213442.0
567,331,567,https://github.com//HarshCasper/Rotten-Scripts/pull/236,Merged,"['kaustubhgupta', 'HarshCasper']",2 days 23:21:43.000000000,256903.0
568,332,568,https://github.com//HarshCasper/Rotten-Scripts/pull/234,Merged,"['Puneet-Pal-Singh', 'HarshCasper']",2 days 13:58:09.000000000,223089.0
569,333,569,https://github.com//HarshCasper/Rotten-Scripts/pull/232,Merged,"['AkM-2018', 'HarshCasper']",0 days 17:40:41.000000000,63641.0
570,334,570,https://github.com//HarshCasper/Rotten-Scripts/pull/229,Merged,['HarshCasper'],0 days 00:00:19.000000000,19.0
571,335,571,https://github.com//HarshCasper/Rotten-Scripts/pull/226,Merged,['HarshCasper'],31 days 16:11:58.000000000,2736718.0
572,336,572,https://github.com//HarshCasper/Rotten-Scripts/pull/225,Merged,['HarshCasper'],31 days 16:13:12.000000000,2736792.0
573,337,573,https://github.com//HarshCasper/Rotten-Scripts/pull/224,Merged,['HarshCasper'],0 days 00:00:28.000000000,28.0
574,338,574,https://github.com//HarshCasper/Rotten-Scripts/pull/223,Merged,['HarshCasper'],31 days 16:15:40.000000000,2736940.0
575,339,575,https://github.com//HarshCasper/Rotten-Scripts/pull/222,Merged,"['AkM-2018', 'HarshCasper']",4 days 13:03:23.000000000,392603.0
576,340,576,https://github.com//HarshCasper/Rotten-Scripts/pull/221,Merged,"['aastha985', 'HarshCasper']",4 days 18:42:47.000000000,412967.0
578,341,578,https://github.com//HarshCasper/Rotten-Scripts/pull/219,Merged,"['kaustubhgupta', 'HarshCasper']",1 days 02:19:13.000000000,94753.0
580,342,580,https://github.com//HarshCasper/Rotten-Scripts/pull/217,Merged,"['bagofcodes', 'HarshCasper']",5 days 23:26:32.000000000,516392.0
581,343,581,https://github.com//HarshCasper/Rotten-Scripts/pull/216,Merged,"['sameersrivastava13', 'HarshCasper']",5 days 00:56:36.000000000,435396.0
582,344,582,https://github.com//HarshCasper/Rotten-Scripts/pull/215,Merged,"['mbcse', 'HarshCasper']",0 days 12:29:10.000000000,44950.0
583,345,583,https://github.com//HarshCasper/Rotten-Scripts/pull/210,Merged,"['Namyalg', 'HarshCasper']",108 days 16:59:34.000000000,9392374.0
584,346,584,https://github.com//HarshCasper/Rotten-Scripts/pull/209,Merged,"['AdityaJ7', 'HarshCasper']",2 days 23:49:37.000000000,258577.0
585,347,585,https://github.com//HarshCasper/Rotten-Scripts/pull/208,Merged,"['avishmehta68710', 'HarshCasper']",3 days 16:56:54.000000000,320214.0
586,348,586,https://github.com//HarshCasper/Rotten-Scripts/pull/207,Merged,"['AkM-2018', 'HarshCasper']",3 days 00:44:28.000000000,261868.0
587,349,587,https://github.com//HarshCasper/Rotten-Scripts/pull/206,Merged,"['avinashkranjan', 'HarshCasper']",3 days 03:02:46.000000000,270166.0
588,350,588,https://github.com//HarshCasper/Rotten-Scripts/pull/205,Merged,"['HeroicHitesh', 'HarshCasper']",1 days 01:11:02.000000000,90662.0
589,351,589,https://github.com//HarshCasper/Rotten-Scripts/pull/200,Merged,"['HeroicHitesh', 'HarshCasper']",0 days 06:33:08.000000000,23588.0
590,352,590,https://github.com//HarshCasper/Rotten-Scripts/pull/199,Merged,"['mbcse', 'HarshCasper']",1 days 21:12:56.000000000,162776.0
592,353,592,https://github.com//HarshCasper/Rotten-Scripts/pull/195,Merged,"['Namyalg', 'HarshCasper']",7 days 22:32:14.000000000,685934.0
593,354,593,https://github.com//HarshCasper/Rotten-Scripts/pull/192,Merged,"['srimani-programmer', 'HarshCasper']",2 days 11:12:44.000000000,213164.0
594,355,594,https://github.com//HarshCasper/Rotten-Scripts/pull/190,Merged,"['srimani-programmer', 'HarshCasper']",2 days 11:53:52.000000000,215632.0
595,356,595,https://github.com//HarshCasper/Rotten-Scripts/pull/189,Merged,"['srimani-programmer', 'HarshCasper']",2 days 14:07:36.000000000,223656.0
596,357,596,https://github.com//HarshCasper/Rotten-Scripts/pull/187,Merged,"['srimani-programmer', 'HarshCasper']",2 days 14:33:44.000000000,225224.0
599,358,599,https://github.com//HarshCasper/Rotten-Scripts/pull/182,Merged,"['Prahitha', 'HarshCasper']",0 days 08:52:36.000000000,31956.0
600,359,600,https://github.com//HarshCasper/Rotten-Scripts/pull/181,Merged,['HarshCasper'],0 days 00:02:15.000000000,135.0
601,360,601,https://github.com//HarshCasper/Rotten-Scripts/pull/180,Merged,"['seema1711', 'HarshCasper']",0 days 11:20:02.000000000,40802.0
602,361,602,https://github.com//HarshCasper/Rotten-Scripts/pull/179,Merged,"['Gaushikmr', 'HarshCasper']",1 days 08:47:59.000000000,118079.0
605,362,605,https://github.com//HarshCasper/Rotten-Scripts/pull/175,Merged,"['mohitacecode', 'HarshCasper']",3 days 07:03:28.000000000,284608.0
606,363,606,https://github.com//HarshCasper/Rotten-Scripts/pull/173,Merged,"['mohitacecode', 'HarshCasper']",3 days 07:50:54.000000000,287454.0
607,364,607,https://github.com//HarshCasper/Rotten-Scripts/pull/172,Merged,"['mohitacecode', 'HarshCasper']",3 days 11:05:15.000000000,299115.0
608,365,608,https://github.com//HarshCasper/Rotten-Scripts/pull/170,Merged,"['Sanketwable', 'HarshCasper']",10 days 13:03:13.000000000,910993.0
609,366,609,https://github.com//HarshCasper/Rotten-Scripts/pull/169,Merged,"['Anushka-S10', 'HarshCasper']",6 days 23:28:37.000000000,602917.0
611,367,611,https://github.com//HarshCasper/Rotten-Scripts/pull/163,Merged,['HarshCasper'],0 days 00:05:54.000000000,354.0
612,368,612,https://github.com//HarshCasper/Rotten-Scripts/pull/162,Merged,"['Prahitha', 'HarshCasper']",1 days 07:28:54.000000000,113334.0
613,369,613,https://github.com//HarshCasper/Rotten-Scripts/pull/160,Merged,"['Sanketwable', 'HarshCasper']",3 days 13:50:19.000000000,309019.0
614,370,614,https://github.com//HarshCasper/Rotten-Scripts/pull/159,Merged,"['azhanali', 'HarshCasper']",3 days 17:26:04.000000000,321964.0
615,371,615,https://github.com//HarshCasper/Rotten-Scripts/pull/158,Merged,"['Namyalg', 'HarshCasper']",4 days 13:09:53.000000000,392993.0
618,372,618,https://github.com//HarshCasper/Rotten-Scripts/pull/153,Merged,"['srimani-programmer', 'HarshCasper']",5 days 11:21:46.000000000,472906.0
619,373,619,https://github.com//HarshCasper/Rotten-Scripts/pull/151,Merged,"['AnkitaxPriya', 'HarshCasper']",1 days 21:22:25.000000000,163345.0
620,374,620,https://github.com//HarshCasper/Rotten-Scripts/pull/150,Merged,"['Prahitha', 'HarshCasper']",0 days 14:37:12.000000000,52632.0
621,375,621,https://github.com//HarshCasper/Rotten-Scripts/pull/149,Merged,"['Namyalg', 'HarshCasper']",1 days 20:09:07.000000000,158947.0
622,376,622,https://github.com//HarshCasper/Rotten-Scripts/pull/148,Merged,"['srimani-programmer', 'HarshCasper']",1 days 21:40:29.000000000,164429.0
623,377,623,https://github.com//HarshCasper/Rotten-Scripts/pull/146,Merged,"['Namyalg', 'HarshCasper']",2 days 01:46:46.000000000,179206.0
624,378,624,https://github.com//HarshCasper/Rotten-Scripts/pull/145,Merged,"['seema1711', 'HarshCasper']",4 days 17:34:34.000000000,408874.0
625,379,625,https://github.com//HarshCasper/Rotten-Scripts/pull/143,Merged,"['mohitacecode', 'HarshCasper']",0 days 06:22:24.000000000,22944.0
626,380,626,https://github.com//HarshCasper/Rotten-Scripts/pull/142,Merged,"['srimani-programmer', 'HarshCasper']",0 days 08:09:28.000000000,29368.0
627,381,627,https://github.com//HarshCasper/Rotten-Scripts/pull/141,Merged,"['Anushka-S10', 'HarshCasper']",14 days 22:14:31.000000000,1289671.0
628,382,628,https://github.com//HarshCasper/Rotten-Scripts/pull/140,Merged,"['HeroicHitesh', 'HarshCasper']",0 days 12:43:48.000000000,45828.0
629,383,629,https://github.com//HarshCasper/Rotten-Scripts/pull/136,Merged,"['seema1711', 'HarshCasper']",2 days 20:01:00.000000000,244860.0
630,384,630,https://github.com//HarshCasper/Rotten-Scripts/pull/123,Merged,['HarshCasper'],0 days 00:01:35.000000000,95.0
631,385,631,https://github.com//HarshCasper/Rotten-Scripts/pull/122,Merged,"['mbcse', 'HarshCasper']",0 days 11:01:55.000000000,39715.0
632,386,632,https://github.com//HarshCasper/Rotten-Scripts/pull/121,Merged,"['Prahitha', 'HarshCasper']",0 days 19:50:49.000000000,71449.0
633,387,633,https://github.com//HarshCasper/Rotten-Scripts/pull/119,Merged,"['Namyalg', 'HarshCasper']",4 days 03:55:32.000000000,359732.0
634,388,634,https://github.com//HarshCasper/Rotten-Scripts/pull/118,Merged,"['deepraj1729', 'HarshCasper']",2 days 05:18:16.000000000,191896.0
636,389,636,https://github.com//HarshCasper/Rotten-Scripts/pull/116,Merged,"['HeroicHitesh', 'HarshCasper']",166 days 22:47:16.000000000,14424436.0
640,390,640,https://github.com//HarshCasper/Rotten-Scripts/pull/108,Merged,['HarshCasper'],69 days 00:36:11.000000000,5963771.0
641,391,641,https://github.com//HarshCasper/Rotten-Scripts/pull/107,Merged,['HarshCasper'],0 days 00:00:35.000000000,35.0
642,392,642,https://github.com//HarshCasper/Rotten-Scripts/pull/105,Merged,"['Namyalg', 'HarshCasper']",5 days 13:45:15.000000000,481515.0
643,393,643,https://github.com//HarshCasper/Rotten-Scripts/pull/104,Merged,"['HeroicHitesh', 'HarshCasper']",0 days 19:15:44.000000000,69344.0
644,394,644,https://github.com//HarshCasper/Rotten-Scripts/pull/103,Merged,"['seema1711', 'HarshCasper']",1 days 07:46:34.000000000,114394.0
645,395,645,https://github.com//HarshCasper/Rotten-Scripts/pull/102,Merged,"['Sanketwable', 'HarshCasper']",1 days 12:17:45.000000000,130665.0
647,396,647,https://github.com//HarshCasper/Rotten-Scripts/pull/100,Merged,"['Anushka-S10', 'HarshCasper']",10 days 18:18:22.000000000,929902.0
648,397,648,https://github.com//HarshCasper/Rotten-Scripts/pull/99,Merged,"['srimani-programmer', 'HarshCasper']",2 days 21:47:55.000000000,251275.0
649,398,649,https://github.com//HarshCasper/Rotten-Scripts/pull/98,Merged,['HarshCasper'],70 days 22:27:55.000000000,6128875.0
650,399,650,https://github.com//HarshCasper/Rotten-Scripts/pull/97,Merged,['HarshCasper'],0 days 00:05:57.000000000,357.0
651,400,651,https://github.com//HarshCasper/Rotten-Scripts/pull/96,Merged,"['mohitacecode', 'HarshCasper']",2 days 11:03:36.000000000,212616.0
652,401,652,https://github.com//HarshCasper/Rotten-Scripts/pull/95,Merged,"['mohitacecode', 'HarshCasper']",1 days 09:59:09.000000000,122349.0
653,402,653,https://github.com//HarshCasper/Rotten-Scripts/pull/94,Merged,"['HeroicHitesh', 'HarshCasper']",2 days 13:55:51.000000000,222951.0
654,403,654,https://github.com//HarshCasper/Rotten-Scripts/pull/93,Merged,"['Puneet-Pal-Singh', 'HarshCasper']",2 days 13:53:38.000000000,222818.0
656,404,656,https://github.com//HarshCasper/Rotten-Scripts/pull/91,Merged,['HarshCasper'],0 days 00:01:32.000000000,92.0
657,405,657,https://github.com//HarshCasper/Rotten-Scripts/pull/90,Merged,['HarshCasper'],0 days 00:01:15.000000000,75.0
658,406,658,https://github.com//HarshCasper/Rotten-Scripts/pull/89,Merged,['HarshCasper'],73 days 15:56:01.000000000,6364561.0
659,407,659,https://github.com//HarshCasper/Rotten-Scripts/pull/88,Merged,['HarshCasper'],73 days 15:57:58.000000000,6364678.0
660,408,660,https://github.com//HarshCasper/Rotten-Scripts/pull/87,Merged,['HarshCasper'],73 days 16:01:42.000000000,6364902.0
661,409,661,https://github.com//HarshCasper/Rotten-Scripts/pull/86,Merged,['HarshCasper'],0 days 00:01:46.000000000,106.0
662,410,662,https://github.com//HarshCasper/Rotten-Scripts/pull/85,Merged,['HarshCasper'],0 days 00:01:11.000000000,71.0
663,411,663,https://github.com//HarshCasper/Rotten-Scripts/pull/84,Merged,['HarshCasper'],0 days 00:00:54.000000000,54.0
664,412,664,https://github.com//HarshCasper/Rotten-Scripts/pull/83,Merged,"['seema1711', 'HarshCasper']",73 days 16:10:13.000000000,6365413.0
665,413,665,https://github.com//HarshCasper/Rotten-Scripts/pull/82,Merged,['HarshCasper'],0 days 00:01:02.000000000,62.0
666,414,666,https://github.com//HarshCasper/Rotten-Scripts/pull/81,Merged,['HarshCasper'],0 days 00:01:52.000000000,112.0
667,415,667,https://github.com//HarshCasper/Rotten-Scripts/pull/80,Merged,['HarshCasper'],0 days 00:01:11.000000000,71.0
668,416,668,https://github.com//HarshCasper/Rotten-Scripts/pull/79,Merged,['HarshCasper'],0 days 00:07:46.000000000,466.0
669,417,669,https://github.com//HarshCasper/Rotten-Scripts/pull/78,Merged,['HarshCasper'],0 days 00:00:16.000000000,16.0
670,418,670,https://github.com//HarshCasper/Rotten-Scripts/pull/77,Merged,"['mbcse', 'HarshCasper']",0 days 02:22:01.000000000,8521.0
671,419,671,https://github.com//HarshCasper/Rotten-Scripts/pull/67,Merged,"['seema1711', 'HarshCasper']",0 days 07:40:09.000000000,27609.0
672,420,672,https://github.com//HarshCasper/Rotten-Scripts/pull/66,Merged,"['Namyalg', 'HarshCasper', 'sanket143']",3 days 22:18:22.000000000,339502.0
673,421,673,https://github.com//HarshCasper/Rotten-Scripts/pull/65,Merged,"['AnkitaxPriya', 'HarshCasper']",1 days 21:59:03.000000000,165543.0
674,422,674,https://github.com//HarshCasper/Rotten-Scripts/pull/64,Merged,"['Namyalg', 'HarshCasper']",3 days 04:52:01.000000000,276721.0
675,423,675,https://github.com//HarshCasper/Rotten-Scripts/pull/63,Merged,"['Prahitha', 'HarshCasper']",2 days 10:13:32.000000000,209612.0
677,424,677,https://github.com//HarshCasper/Rotten-Scripts/pull/57,Merged,"['srimani-programmer', 'HarshCasper']",0 days 14:06:31.000000000,50791.0
679,425,679,https://github.com//HarshCasper/Rotten-Scripts/pull/55,Merged,"['mohitacecode', 'HarshCasper']",1 days 13:12:29.000000000,133949.0
680,426,680,https://github.com//HarshCasper/Rotten-Scripts/pull/54,Merged,"['seema1711', 'HarshCasper']",1 days 17:45:36.000000000,150336.0
681,427,681,https://github.com//HarshCasper/Rotten-Scripts/pull/52,Merged,"['AnkitaxPriya', 'HarshCasper']",1 days 23:57:35.000000000,172655.0
683,428,683,https://github.com//HarshCasper/Rotten-Scripts/pull/46,Merged,"['Namyalg', 'HarshCasper']",0 days 19:43:16.000000000,70996.0
684,429,684,https://github.com//HarshCasper/Rotten-Scripts/pull/45,Merged,"['srimani-programmer', 'HarshCasper']",0 days 20:49:48.000000000,74988.0
685,430,685,https://github.com//HarshCasper/Rotten-Scripts/pull/44,Merged,"['Prahitha', 'HarshCasper']",0 days 10:36:21.000000000,38181.0
686,431,686,https://github.com//HarshCasper/Rotten-Scripts/pull/43,Merged,"['Sanketwable', 'HarshCasper']",0 days 10:48:39.000000000,38919.0
687,432,687,https://github.com//HarshCasper/Rotten-Scripts/pull/42,Merged,"['sanket143', 'HarshCasper']",1 days 12:39:09.000000000,131949.0
688,433,688,https://github.com//HarshCasper/Rotten-Scripts/pull/28,Merged,"['seema1711', 'HarshCasper']",7 days 12:28:24.000000000,649704.0
689,434,689,https://github.com//HarshCasper/Rotten-Scripts/pull/27,Merged,"['AnkitaxPriya', 'HarshCasper']",0 days 21:11:23.000000000,76283.0
690,435,690,https://github.com//HarshCasper/Rotten-Scripts/pull/26,Merged,"['mbcse', 'HarshCasper']",1 days 03:20:38.000000000,98438.0
691,436,691,https://github.com//HarshCasper/Rotten-Scripts/pull/25,Merged,['HarshCasper'],12 days 04:51:44.000000000,1054304.0
692,437,692,https://github.com//HarshCasper/Rotten-Scripts/pull/24,Merged,"['sanket143', 'HarshCasper']",1 days 21:47:42.000000000,164862.0
693,438,693,https://github.com//HarshCasper/Rotten-Scripts/pull/20,Merged,"['mbcse', 'HarshCasper']",0 days 02:01:15.000000000,7275.0
694,439,694,https://github.com//HarshCasper/Rotten-Scripts/pull/16,Merged,"['sanket143', 'HarshCasper']",1 days 00:14:54.000000000,87294.0
695,440,695,https://github.com//HarshCasper/Rotten-Scripts/pull/15,Merged,"['seema1711', 'HarshCasper']",0 days 00:23:10.000000000,1390.0
696,441,696,https://github.com//HarshCasper/Rotten-Scripts/pull/7,Merged,"['seema1711', 'HarshCasper']",83 days 13:54:21.000000000,7221261.0
